-- ===== Brands =====
INSERT INTO brands (id, name, active) VALUES
    ('11111111-1111-1111-1111-111111111111','Acme',      TRUE),
    ('22222222-2222-2222-2222-222222222222','Globex',    TRUE),
    ('33333333-3333-3333-3333-333333333333','Initech',   TRUE),
    ('44444444-4444-4444-4444-444444444444','Umbrella',  TRUE),
    ('55555555-5555-5555-5555-555555555555','Soylent',   TRUE)
ON CONFLICT (id) DO NOTHING;

-- ===== Categories (tree) =====
-- Top level
INSERT INTO categories (id, parent_id, name, active, sort_order) VALUES
    ('aaaaaaaa-0000-0000-0000-000000000001', NULL, 'Electronics', TRUE, 10),
    ('aaaaaaaa-0000-0000-0000-000000000010', NULL, 'Fashion',     TRUE, 20),
    ('aaaaaaaa-0000-0000-0000-000000000020', NULL, 'Sports',      TRUE, 30)
ON CONFLICT (id) DO NOTHING;

-- Level 2
INSERT INTO categories (id, parent_id, name, active, sort_order) VALUES
    ('aaaaaaaa-0000-0000-0000-000000000002', 'aaaaaaaa-0000-0000-0000-000000000001', 'Phones',  TRUE, 11),
    ('aaaaaaaa-0000-0000-0000-000000000003', 'aaaaaaaa-0000-0000-0000-000000000001', 'Laptops', TRUE, 12),
    ('aaaaaaaa-0000-0000-0000-000000000011', 'aaaaaaaa-0000-0000-0000-000000000010', 'Shoes',   TRUE, 21),
    ('aaaaaaaa-0000-0000-0000-000000000012', 'aaaaaaaa-0000-0000-0000-000000000010', 'T-Shirts',TRUE, 22),
    ('aaaaaaaa-0000-0000-0000-000000000021', 'aaaaaaaa-0000-0000-0000-000000000020', 'Fitness', TRUE, 31)
ON CONFLICT (id) DO NOTHING;

-- ===== Products =====
-- p1..p6
INSERT INTO products (id, name, short_desc, brand_id, category_id, published, created_at, updated_at) VALUES
    ('00000000-0000-0000-0000-000000000001','Acme Phone X','Entry smartphone', '11111111-1111-1111-1111-111111111111','aaaaaaaa-0000-0000-0000-000000000002', TRUE, NOW(), NOW()),
    ('00000000-0000-0000-0000-000000000002','Globex Laptop Air','13-inch ultralight','22222222-2222-2222-2222-222222222222','aaaaaaaa-0000-0000-0000-000000000003', TRUE, NOW(), NOW()),
    ('00000000-0000-0000-0000-000000000003','Initech Tee Basic','Cotton tee', '33333333-3333-3333-3333-333333333333','aaaaaaaa-0000-0000-0000-000000000012', TRUE, NOW(), NOW()),
    ('00000000-0000-0000-0000-000000000004','Umbrella Runner Pro','Lightweight running shoes','44444444-4444-4444-4444-444444444444','aaaaaaaa-0000-0000-0000-000000000011', TRUE, NOW(), NOW()),
    ('00000000-0000-0000-0000-000000000005','Soylent Smartwatch 2','Fitness tracker watch','55555555-5555-5555-5555-555555555555','aaaaaaaa-0000-0000-0000-000000000021', TRUE, NOW(), NOW()),
    ('00000000-0000-0000-0000-000000000006','Acme Sneaker 90s','Retro sneakers', '11111111-1111-1111-1111-111111111111','aaaaaaaa-0000-0000-0000-000000000011', FALSE, NOW(), NOW())
ON CONFLICT (id) DO NOTHING;

-- ===== SKUs (2 per product) ====
INSERT INTO skus (id, product_id, sku_code, active, barcode) VALUES
    ('10000000-0000-0000-0000-000000000001','00000000-0000-0000-0000-000000000001','ACX-BLK-64',   TRUE,  '8901234000001'),
    ('10000000-0000-0000-0000-000000000002','00000000-0000-0000-0000-000000000001','ACX-BLU-128',  TRUE,  '8901234000002'),

    ('10000000-0000-0000-0000-000000000003','00000000-0000-0000-0000-000000000002','GLA-13-8GB',   TRUE,  '8901234000003'),
    ('10000000-0000-0000-0000-000000000004','00000000-0000-0000-0000-000000000002','GLA-13-16GB',  TRUE,  '8901234000004'),

    ('10000000-0000-0000-0000-000000000005','00000000-0000-0000-0000-000000000003','INT-TEE-S',    TRUE,  '8901234000005'),
    ('10000000-0000-0000-0000-000000000006','00000000-0000-0000-0000-000000000003','INT-TEE-L',    TRUE,  '8901234000006'),

    ('10000000-0000-0000-0000-000000000007','00000000-0000-0000-0000-000000000004','UMB-RUN-40',   TRUE,  '8901234000007'),
    ('10000000-0000-0000-0000-000000000008','00000000-0000-0000-0000-000000000004','UMB-RUN-42',   TRUE,  '8901234000008'),

    ('10000000-0000-0000-0000-000000000009','00000000-0000-0000-0000-000000000005','SOY-WATCH-STD',    TRUE,  '8901234000009'),
    ('10000000-0000-0000-0000-000000000010','00000000-0000-0000-0000-000000000005','SOY-WATCH-DELUXE', TRUE,  '8901234000010'),

    ('10000000-0000-0000-0000-000000000011','00000000-0000-0000-0000-000000000006','ACME-SNK-42',  TRUE,  '8901234000011'),
    ('10000000-0000-0000-0000-000000000012','00000000-0000-0000-0000-000000000006','ACME-SNK-44',  TRUE,  '8901234000012')
ON CONFLICT (id) DO NOTHING;
